Strain,Mutation_Count,Mutation_Rate
Alpha Variant,84,0.2809082700732368
Delta Variant,102,0.34110289937464466
Omicron BA.1,167,0.5584723940741732
Omicron XBB,126,0.4213060487511285
